id,text,created_at,retweet_count,favorite_count,park_name
622975839106428928,Someone pinch me. The views from home never get old. #SanFrancisco #FortMason @ Fort Mason Green https://t.co/dP1O73gIHQ,2015-07-19 20:46:29 -0700,0,1,fort_mason
622885206345781249,Queen of SF üëë #katesupandawaybachpartayyy @ Fort Mason Greens https://t.co/ubNHiYm8BI,2015-07-19 14:46:20 -0700,0,1,fort_mason
622876658958225409,"I'm at @FortMasonInsf in San Francisco, CA https://t.co/fiykRNHA0z",2015-07-19 14:12:22 -0700,0,1,fort_mason
622849923273347074,"Renegade craft fair (at @FortMasonInsf in San Francisco, CA) https://t.co/kneF5lcSEo",2015-07-19 12:26:08 -0700,0,1,fort_mason
622574607523053568,#üç§ #shrimp #chips @ Off the Grid https://t.co/Jm1UDCTmTB,2015-07-18 18:12:07 -0700,0,1,fort_mason
622572033210249216,Chasin' in Fort Mason #dreams @ San Francisco https://t.co/nxJYlVL9j7,2015-07-18 18:01:54 -0700,0,0,fort_mason
622569180655681536,Down on the West Coast I get this feeling..üé∂ üë´ #Besties #SanFrancisco #Cali @ Fort Mason Park https://t.co/NKUl51FL4E,2015-07-18 17:50:34 -0700,0,0,fort_mason
622557619450830848,RT @LJSweetDesigns: Come check out @trussandore at @renegadecraft today at fort mason from 11-6! #jewelry‚Ä¶ https://t.co/mwWa5jMYNp,2015-07-18 17:04:37 -0700,1,0,fort_mason
622529001731584000,"Renegade Craft Fair (at @FortMasonInsf in San Francisco, CA) https://t.co/HImyCuKAZw http://t.co/UY88FPRVfb",2015-07-18 15:10:54 -0700,0,1,fort_mason
622527789829390336,"#RenegadeCraftFair (at @FortMasonInsf in San Francisco, CA w/ @pete_d_kat) https://t.co/m6bkPjXFXJ",2015-07-18 15:06:05 -0700,0,0,fort_mason
622502438545793025,"Huge festival this year! (at @FortMasonInsf in San Francisco, CA) https://t.co/yTHj6vIdjc",2015-07-18 13:25:21 -0700,0,0,fort_mason
622500916135108608,Come check out @trussandore at @renegadecraft today at fort mason from 11-6! #jewelry‚Ä¶ https://t.co/mwWa5jMYNp,2015-07-18 13:19:18 -0700,1,1,fort_mason
622500873181245440,The jewels are out! Come see cloekadorned at @renegadecraft today and tomorrow 11-6 at ft.mason!‚Ä¶ https://t.co/yNIYxGTzQx,2015-07-18 13:19:08 -0700,0,0,fort_mason
622478964062334977,"Renegade craft fairr (at @FortMasonInsf in San Francisco, CA) https://t.co/URfBUxkjF1",2015-07-18 11:52:04 -0700,0,0,fort_mason
622290337382445057,Bacon Bouquet = Happy Paige @ Off the Grid https://t.co/fJq0eoSl9I,2015-07-17 23:22:32 -0700,0,0,fort_mason
622259840493207552,Smorgasbord! #foodtruckfriday #offthegrid #sanfrancisco #ARSanFran2015 @ Off the Grid https://t.co/zHuTVukaDB,2015-07-17 21:21:21 -0700,0,1,fort_mason
622247954049581056,Time to get that grinds #offthegrid #sanfrancisco #food @ Off the Grid https://t.co/nAWdN1p3i8,2015-07-17 20:34:07 -0700,0,0,fort_mason
622245122378473472,üéâ @ Off the Grid https://t.co/HlZpQeKH2z,2015-07-17 20:22:52 -0700,0,0,fort_mason
622240534480953344,#becauseoldfanshioneds #foodtruckfriday #offthegrid #sanfrancisco #ARSanFran2015 @ Off the Grid https://t.co/2Z0ymt5dS1,2015-07-17 20:04:38 -0700,0,1,fort_mason
622229591818674176,"Food Truck Friday! (@ Off the Grid: Fort Mason Center in San Francisco, CA) https://t.co/0gQ9EovlIr",2015-07-17 19:21:09 -0700,0,2,fort_mason
622222529890004992,Random. Food truck festival. @ Off the Grid https://t.co/2E6TxlnLwP,2015-07-17 18:53:06 -0700,0,0,fort_mason
622135748658089984,Here at #fortmasonpavillion #wholesale #market till 5pm today with @alibinyc! Booth #17‚Ä¶ https://t.co/TSXGDvaQOF,2015-07-17 13:08:15 -0700,0,0,fort_mason
621861571254439937,"Finished 6 mile run (@ Fort Mason in San Francisco, CA) https://t.co/VtnbjdJspX",2015-07-16 18:58:46 -0700,0,0,fort_mason
621125261833207808,Nepalese food from Bini's at otg @ Off the Grid https://t.co/YKBk7vGsTS,2015-07-14 18:12:57 -0700,0,0,fort_mason
621114550725816320,Because there were bubbles behind me. #launchbastilleday #redtricycle #bubbles #funworkday @ Presidio‚Ä¶ https://t.co/jDQucmuS7n,2015-07-14 17:30:23 -0700,0,0,fort_mason
620797710451539968,"I'm in love, #SanFrancisco. @ Lower. Fort mason https://t.co/CdBkQiYcwR",2015-07-13 20:31:22 -0700,0,0,fort_mason
620617104648179712,Bu hafta sonu 63 km yurudum. Son zamanlarda meme kanseriyle ilgili bilinc yaratmak adina bir cok post‚Ä¶ https://t.co/7VqvXRtEIX,2015-07-13 08:33:42 -0700,0,0,fort_mason
620613411693547521,This week I walked 39 miles. I was posting lost of messages to increase breast cancer awareness and‚Ä¶ https://t.co/dqZ5mEceNq,2015-07-13 08:19:02 -0700,0,0,fort_mason
623695303506587648,Lucy and the ladies. I should have named her #Lucky üê∂ #LucyDoesSF @ Alamo Square https://t.co/DYsXmAEdo9,2015-07-21 20:25:22 -0700,0,0,alamo_square
623674849119084544,After shock @ Alamo Square https://t.co/QwtoDKQ8Gq,2015-07-21 19:04:06 -0700,0,0,alamo_square
623433018137571328,"RT @DESPUNA: ‚ú®üí•#KiNGPiNSüí•‚ú®#BruhBruhintraffic‚ú®üëàüèæ#Follow on
instagram ‚ú® #Despuna ‚ú® twitter ‚ú® @ Painted Ladies https://t.co/I5UYi1gGBs",2015-07-21 03:03:09 -0700,1,0,alamo_square
623432876617519109,"‚ú®üí•#KiNGPiNSüí•‚ú®#BruhBruhintraffic‚ú®üëàüèæ#Follow on
instagram ‚ú® #Despuna ‚ú® twitter ‚ú® @ Painted Ladies https://t.co/I5UYi1gGBs",2015-07-21 03:02:35 -0700,1,1,alamo_square
623377981839421440,earlier today #thehipkidexplores #tayetaye #paintedladies #mysanfrancisco #exploresf @ Painted Ladies https://t.co/9BeZbKIswe,2015-07-20 23:24:27 -0700,0,0,alamo_square
623352662495506432,A walk around #PaintedLadies #sanfrancisco #california @ Painted Ladies https://t.co/qHnw2UGp87,2015-07-20 21:43:50 -0700,0,0,alamo_square
623271778320781312,Somedays you just have #stop #takeadeepbreath and take a #picture #inthemoment #sanfrancisco @ Alamo‚Ä¶ https://t.co/jIYieUxSE2,2015-07-20 16:22:26 -0700,0,0,alamo_square
623011161911508992,Lovely evening for a sunset bike ride. üì∑@SubieHonee @ Alamo Square https://t.co/SAqx6NDFZS,2015-07-19 23:06:50 -0700,0,3,alamo_square
622983741313523712,"Visiting the ladies and ran into a fabulous Oployee, @apfeffernusse  üëãüèª #obros #plugglife‚Ä¶ https://t.co/CXR6KjRp5b",2015-07-19 21:17:53 -0700,0,0,alamo_square
622982540756942848,Just posted a photo @ Alamo Square https://t.co/hKsftafPII,2015-07-19 21:13:06 -0700,0,0,alamo_square
622974480315510784,Goodnight weekend! @ Alamo Square https://t.co/demntypcTx,2015-07-19 20:41:05 -0700,0,1,alamo_square
622957647201980417,Summer in SF. It's not fog so I don't recognize it. @ Alamo Square https://t.co/etF2ptfIPa,2015-07-19 19:34:11 -0700,0,1,alamo_square
622955824827236353,Picked up some treats from #tartinebakery to share with Tanners. #sanfrancisco #ARSanFran2015‚Ä¶ https://t.co/FxChg018NM,2015-07-19 19:26:57 -0700,0,0,alamo_square
622951349144154113,Loving this blue #PaintedLadies house! #AlamoSquare #SF @ Painted Ladies https://t.co/bt5Put3QaV,2015-07-19 19:09:10 -0700,0,0,alamo_square
622948112684990464,Finally getting around to the #stopdropandyoga that flexikitty tagged me in. No better place to do a‚Ä¶ https://t.co/cIAwJwcQ9x,2015-07-19 18:56:18 -0700,0,0,alamo_square
622945860494622720,Last night in Fog City ‚ù§Ô∏è @ Painted Ladies at Alamo Square Park https://t.co/CDsOdojfgh,2015-07-19 18:47:21 -0700,0,0,alamo_square
622932076539564032,Hello from SF ! ‚òÄÔ∏èüá∫üá∏üòò #CMWeek15 #SanFrancisco #California @ Alamo Square https://t.co/Dkzhc4iTvY,2015-07-19 17:52:35 -0700,0,0,alamo_square
622918983075954688,Yep. SF could use a shower right now @ Alamo Square https://t.co/OnebE8jE75,2015-07-19 17:00:33 -0700,0,0,alamo_square
622889768595136516,When your Instax Polaroid doesn't come out you settle for this pastel-themed blogger photo.‚Ä¶ https://t.co/EyE03cw1tr,2015-07-19 15:04:28 -0700,0,0,alamo_square
622856702073942016,#TheCityOfShit #ShitCity #SF #AlamoSquare #Latergram @ Alamo Square https://t.co/pQbsfPnp29,2015-07-19 12:53:04 -0700,0,0,alamo_square
622593149752504320,Great summer beer - Drinking a Chez Panisse Farmhouse Ale by @calicraft @ Alamo Square  ‚Äî http://t.co/dCQbh6VVpD #photo,2015-07-18 19:25:48 -0700,0,0,alamo_square
622573664639283200,"I'm at Alamo Square in San Francisco, CA https://t.co/w7nEIIFGes",2015-07-18 18:08:23 -0700,0,0,alamo_square
622512963916812288,La postal de pel√≠cula: #PaintedLadies con #SanFrancisco Downtown de fondo. La torre Transamerica‚Ä¶ https://t.co/jCJooYEO6K,2015-07-18 14:07:10 -0700,0,0,alamo_square
622512222099668992,"AIDS Walk volunteering = weekend in SF!
üè†üè†üè† @ Painted Ladies https://t.co/lJ5gDqM4lX",2015-07-18 14:04:14 -0700,0,0,alamo_square
622509062719172609,Las #PaintedLadies de #AlamoSquare #SanFrancisco #CaliforniaTrip @ Alamo Square Park https://t.co/J0VqMsUWmC,2015-07-18 13:51:40 -0700,0,1,alamo_square
622291226335817728,Goodnight ladies üëåüèªüåôüîÆ#SFLife #vsco #vscogood @ Alamo Square https://t.co/crksSCaR2m,2015-07-17 23:26:04 -0700,0,0,alamo_square
622212472775311360,"Quick visit to the Painted Ladies, we just enjoyed the sun for a little bit! @ Alamo Square https://t.co/NDdcuBSc1t",2015-07-17 18:13:08 -0700,0,0,alamo_square
622153285298950144,The Painted Ladies - looking even more beautiful on this gorgeous afternoon. #sunnyand75 #sanfran‚Ä¶ https://t.co/m3g0iYhzLQ,2015-07-17 14:17:56 -0700,0,0,alamo_square
622126846956675072,"‡∏™‡∏ß‡∏¢ #LadiesofSF #SFrealty #House #AlamoSquare #Park |   #SanFrancisco | USA | 17/07/15

travel‚Ä¶ https://t.co/mYAT04yWsi",2015-07-17 12:32:53 -0700,0,0,alamo_square
622125723143282688,"Keep Walking |  #AlamoSquare #Park |   #SanFrancisco | USA | 17/07/15

travel #vacation #visiting‚Ä¶ https://t.co/2haOPLVRnq",2015-07-17 12:28:25 -0700,0,0,alamo_square
622124914254946304,"‡πÄ‡∏´‡∏ô‡∏∑‡πà‡∏≠‡∏¢‡∏Å‡πá‡∏û‡∏±‡∏Å #AlamoSquare #Park |   #SanFrancisco | USA | 17/07/15

travel #vacation #visiting‚Ä¶ https://t.co/ttBsybgdCx",2015-07-17 12:25:12 -0700,0,0,alamo_square
622092524539277312,"Wake up, San Francisco. @ Painted Ladies https://t.co/lA3VwkAKHe",2015-07-17 10:16:30 -0700,0,0,alamo_square
621983828454805504,#proceedtothenextlevel #stackgl #resurrect #javascript #webgl #generative #art #realtime #gif‚Ä¶ https://t.co/Tx5O6S4anf,2015-07-17 03:04:35 -0700,0,7,alamo_square
621889750455189504,A couple of the painted ladies are getting face lifts... But it wouldn't be a trip to San Francisco‚Ä¶ https://t.co/kWcqaOYcgt,2015-07-16 20:50:45 -0700,0,0,alamo_square
621828434893914112,Awnnejdjissilsdkeu @ Alamo Square https://t.co/BtGbn5W3IP,2015-07-16 16:47:06 -0700,0,0,alamo_square
621802268753559552,"Perhaps difficult to determine scale in this photo, but this gorgeous steed of a Great Dane had the‚Ä¶ https://t.co/p6FlMK6Kuy",2015-07-16 15:03:08 -0700,0,1,alamo_square
621783007750451200,"#tbt // alamo square, sf ‚òÄÔ∏èüå∏üè† #paintedladies @ Alamo Square https://t.co/xp6glrbXWy",2015-07-16 13:46:35 -0700,0,0,alamo_square
621679984869044224,"I'm at Alamo Square in San Francisco, CA https://t.co/FSxCrLf8AK",2015-07-16 06:57:13 -0700,0,0,alamo_square
621526299186757632,Downtown San Francisco + #FullHouse intro houses. @ Painted Ladies https://t.co/69vpNitR2W,2015-07-15 20:46:31 -0700,0,0,alamo_square
621494334270119937,#sanfrancitizens #alamosquare #paintedladies #parklife @ Painted Ladies https://t.co/Eh4bKXaFIb,2015-07-15 18:39:30 -0700,0,0,alamo_square
621479666038239232,When you're in San Fran and you're touristy af @ Full House House https://t.co/5GFOuiMt1E,2015-07-15 17:41:13 -0700,0,0,alamo_square
621471797460996096,#wonderful #sanfrancisco #scenery ... #wanderlust @ Painted Ladies https://t.co/AM7cY9yZbe,2015-07-15 17:09:57 -0700,0,0,alamo_square
621471574785425408,Just posted a photo @ Painted Ladies https://t.co/r3zKEk22mM,2015-07-15 17:09:04 -0700,0,0,alamo_square
621412961928806400,#fullhousepisodes @ Alamo Square Park San Francisco https://t.co/YVl5N33VB2,2015-07-15 13:16:10 -0700,0,0,alamo_square
621385604941672449,We saw the painted ladies today üè°üíï #SanFran @ Full House House https://t.co/wRqfyb9EEw,2015-07-15 11:27:27 -0700,0,0,alamo_square
621171594749214720,Very balanced. Awesome beer - Drinking a Five AM Red Ale by @BrewDog @ Alamo Square  ‚Äî http://t.co/QH6vrd32PJ #photo,2015-07-14 21:17:03 -0700,0,0,alamo_square
621137032593674241,üí•üí´üí•üí´ @ Painted Ladies https://t.co/5HDq8Ce4i9,2015-07-14 18:59:43 -0700,0,0,alamo_square
621110938847080450,And we're DANCING! #greenspawn @ Alamo Square https://t.co/gnfrhimbqK,2015-07-14 17:16:02 -0700,0,0,alamo_square
621096722782113792,"Day 8: spontaneously humming ""Everywhere You Look"" and daydreaming of John Stamos #90sKid‚Ä¶ https://t.co/H0ZfAPeh1P",2015-07-14 16:19:32 -0700,0,0,alamo_square
621038450393780225,RT @EmmanuelNaouri: Original location of the Full House park picnic picture!!! Tv memories!! #fullhouse https://t.co/opv0cEGZdC http://t.co‚Ä¶,2015-07-14 12:27:59 -0700,2,0,alamo_square
621028014298693636,"Whatever happened to predictability.
The milkman, the paperboy, evening tv?
You miss your old‚Ä¶ https://t.co/qttVSbBRav",2015-07-14 11:46:31 -0700,0,0,alamo_square
620857148436824064,"It's the Full House, house. #Friends #SanFrancisco #RoadTrip #FullHouse @ Full House House https://t.co/F2pHdUbBqK",2015-07-14 00:27:33 -0700,0,0,alamo_square
620828944468717568,SF At Night @ Alamo Square https://t.co/zCBmrdTt9D,2015-07-13 22:35:29 -0700,0,0,alamo_square
620815144122216449,"""Everywhere you look, everywhere you go, there's a heart, a hand to hold on. Everywhere you look,‚Ä¶ https://t.co/eLgjTE0R5t",2015-07-13 21:40:39 -0700,0,0,alamo_square
620809007251517440,Painted Ladies @ Alamo Square https://t.co/hVDNKyAX3B,2015-07-13 21:16:16 -0700,0,0,alamo_square
620747640553250816,Whatever happened to predictability... #FullHouse #SanFancisco @ Full House House https://t.co/H7QNrzelOB,2015-07-13 17:12:25 -0700,0,0,alamo_square
620682613808889856,"I'm at Painted Ladies in San Francisco, CA https://t.co/sBoDltp9Vc",2015-07-13 12:54:01 -0700,0,0,alamo_square
620638286852304896,"""What ever happened to predicability?"" @ Painted Ladies https://t.co/LiOwhpgExg",2015-07-13 09:57:53 -0700,0,0,alamo_square
623661716090552324,Pictures of pictures and good times at the park. @ Mission Dolores Park https://t.co/UHRQrBS1la,2015-07-21 18:11:54 -0700,0,0,dolores
623616666690322432,Lazy Tuesday with #TBTMCB. #Dodgers @ Mission Dolores Park https://t.co/vLBqErglwI,2015-07-21 15:12:54 -0700,0,0,dolores
623589710536032257,Spent our Sunday in Dolores Park üé∂üåªüç∫‚òÄÔ∏è @ Mission Dolores Park https://t.co/j5vpkCGQzf,2015-07-21 13:25:47 -0700,0,0,dolores
623521473123250176,Matching up with the blue skies as always üíô‚òÄÔ∏èüå≥ #sanfrancisco @ Mission Dolores Park https://t.co/etd6DbVtiP,2015-07-21 08:54:38 -0700,0,0,dolores
623378881215627264,No better way to spend a Sunday than people watching | 19.07.2015 @ Delores Park San Franisco https://t.co/tQWG4978dv,2015-07-20 23:28:01 -0700,0,1,dolores
623319632078835712,Picnic weather #dolorespark #mission #lovemycity @ Mission Dolores Park https://t.co/WyZJdzBT0Q,2015-07-20 19:32:35 -0700,0,0,dolores
623287653253914625,"Celebrated 25 with people that make me happy, and bubbles. #Dolorespark #sf #bubbles #25 #birthday‚Ä¶ https://t.co/gyWpCrPdJK",2015-07-20 17:25:31 -0700,0,0,dolores
623276720779599872,My #SF wheels for the fortnight. Definitely not made for comfort! #greenbike #bike #bicycle‚Ä¶ https://t.co/hUHEOqcgST,2015-07-20 16:42:04 -0700,0,0,dolores
623260004917899267,"I'm at Mission Dolores Park - @dpworks in San Francisco, CA https://t.co/xn7uESfW8S",2015-07-20 15:35:39 -0700,0,0,dolores
623231802275176448,"I'm at Mission Dolores Park - @dpworks in San Francisco, CA https://t.co/EFw7cCCNBe",2015-07-20 13:43:35 -0700,0,0,dolores
623184704972394497,"A year ago, I would've never pictured my life the way it is now. @ Mission Dolores Park https://t.co/Lk87mZA1XH",2015-07-20 10:36:26 -0700,0,0,dolores
623169635622494208,I really have learned to appreciate my only day off. #Sunday @ Delores Park San Franisco https://t.co/4US20KaJGX,2015-07-20 09:36:33 -0700,0,0,dolores
623165520993480704,First time at the park since its reopening. @ Mission Dolores Park https://t.co/6HXtRobxoj,2015-07-20 09:20:12 -0700,0,0,dolores
623121079733780480,"Dolores Park, San Francisco, CA
#usa #sanfrancisco #california #dolorespark #park üá∫üá∏üá∫üá∏ @ Mission‚Ä¶ https://t.co/h0Ffu7E3Z3",2015-07-20 06:23:37 -0700,0,0,dolores
622983182246395904,Just waited thirty minutes for ice cream. So I guess that's a thing in San Francisco.‚Ä¶ https://t.co/ziiGOjuPzC,2015-07-19 21:15:39 -0700,0,0,dolores
622980482846879744,last day in SF‚úåüèΩÔ∏èüåª @ Mission Dolores Park https://t.co/BSDSQPYU2p,2015-07-19 21:04:56 -0700,0,0,dolores
622973596395290625,Still can't get over the weather yesterday. I like when @karlthefog takes a break every once in a‚Ä¶ https://t.co/g7usJNkaLz,2015-07-19 20:37:34 -0700,0,0,dolores
622961428618678272,Sunday Funday in the Mission üòé #LoveWon #SF @ Mission Dolores Park https://t.co/5gGrHBrDbu,2015-07-19 19:49:13 -0700,0,0,dolores
622949316261511168,#nationalicecreamday #armcandy #myneckmyback #mysanfrancisco #armature #dolorespark #doloresparksf‚Ä¶ https://t.co/73EP0C7yfJ,2015-07-19 19:01:05 -0700,0,0,dolores
622948891139395584,This is dolores park #sflivin @ Delores Park San Franisco https://t.co/SyaRdo5Cb7,2015-07-19 18:59:24 -0700,0,0,dolores
622936845362548736,Turtle kisses! #AfternoonsWithHenry #UnlikelyFriends #SFSundays #TurtlePower @ Mission Dolores Park https://t.co/cJud8Gh6jh,2015-07-19 18:11:32 -0700,0,0,dolores
622931288559894528,blue skies. @ Delores Park San Franisco https://t.co/k1SQ9I9sWj,2015-07-19 17:49:27 -0700,0,0,dolores
622925309856337920,"I'm at Mission Dolores Park - @dpworks in San Francisco, CA https://t.co/jjRwbNCAuc",2015-07-19 17:25:41 -0700,0,0,dolores
622923116134690816,"Above all, people matter most. -ERM

It's been real SF. Thanks for an amazing 48 hours filled with‚Ä¶ https://t.co/7gSziSwVWZ",2015-07-19 17:16:58 -0700,0,2,dolores
622921291843158016,I love the J-Church route for this house alone. #junglehouse #jumanji? #boattramtour #transitnerd @‚Ä¶ https://t.co/YCqHksJfmk,2015-07-19 17:09:43 -0700,0,1,dolores
622916886364323840,"This is how SF does summer Sunday afternoons!

#sun #summer #summertime #summerinthecity‚Ä¶ https://t.co/CE4wMMSazE",2015-07-19 16:52:13 -0700,0,0,dolores
622910067092914177,After 4 weeks of hardcore microbiology at Stanford Uni I'm enjoying a deserved break eating good‚Ä¶ https://t.co/0wHFNKcHSF,2015-07-19 16:25:07 -0700,0,0,dolores
622907988743974913,Addicted to #DoloresPark @ Mission Dolores Park https://t.co/jjJO1F7vkJ,2015-07-19 16:16:52 -0700,0,0,dolores
622906358740951041,"This is how we do, yeah, chillin' laid back yeah we do it like that #sf @ Dolores Park https://t.co/XoAyiGMhwe",2015-07-19 16:10:23 -0700,0,1,dolores
622898929324171264,That time of year again... @ Dolores Park https://t.co/2cVZqZo69K,2015-07-19 15:40:52 -0700,0,0,dolores
622894089634234368,Just posted a photo @ Delores Park San Franisco https://t.co/OQjgxc0yig,2015-07-19 15:21:38 -0700,0,1,dolores
622885563562094592,Majestic üê∂ @ Dolores Park https://t.co/k5zweGAtHD,2015-07-19 14:47:45 -0700,0,0,dolores
622884989168975873,Sunday funday at Dolores #sf #sundayfunday #dolorespark (@ Mission Dolores Park - @dpworks) https://t.co/hOsxZpL0C7 http://t.co/vDYa3kIjdM,2015-07-19 14:45:28 -0700,0,0,dolores
622883679086465024,Just another dolo day! @ Dolores Park https://t.co/4g4F3a4Wwe,2015-07-19 14:40:16 -0700,0,0,dolores
622866299396485120,@Pattykakesny don't insult psychosomatic illness like that,2015-07-19 13:31:12 -0700,0,0,dolores
622850565467471872,Domingo. √öltimo d√≠a. @ Dolores Park https://t.co/sBICnFDUZX,2015-07-19 12:28:41 -0700,0,0,dolores
622848325126107137,Goodbye to the tree above Dolores Park üò•. There is a lot of digging going on; I wonder what the plan‚Ä¶ https://t.co/PjScbVWTPW,2015-07-19 12:19:47 -0700,0,0,dolores
622794380366204928,Reason #245 San Francisco is still fun: Chalk Car! The owner of this car has painted it with‚Ä¶ https://t.co/eyHWaHKnmA,2015-07-19 08:45:25 -0700,0,3,dolores
622649061536071680,Cupcake Sundae at Dolores Park to end a beautiful Saturday üç¶ Brown butter brownie w/brown butter ice‚Ä¶ https://t.co/oMQAzHjIXx,2015-07-18 23:07:59 -0700,0,0,dolores
622603105415352320,"Winding down (@ Mission Dolores Park - @dpworks in San Francisco, CA) https://t.co/f5W53G5RIM",2015-07-18 20:05:22 -0700,0,0,dolores
622595238624890880,"I'm at Mission Dolores Park - @dpworks in San Francisco, CA https://t.co/H3IoLRlus6",2015-07-18 19:34:06 -0700,0,0,dolores
622583149483180032,#summer in #SF = #hippies and #nerds @ Delores Park San Franisco https://t.co/FJQfGBH9UH,2015-07-18 18:46:04 -0700,0,2,dolores
622575397969002497,#dolo @ Dolores Park https://t.co/l6TdW3LLUx,2015-07-18 18:15:16 -0700,0,2,dolores
622570641611472896,Fun in the sun with these fine folks kalia @apang42 @ Mission Dolores Park https://t.co/vKPZGHtMV7,2015-07-18 17:56:22 -0700,0,0,dolores
622569522868973568,"Look who I ran into! Jk, we planned it. @ Mission Dolores Park https://t.co/rDSBHEEH6E",2015-07-18 17:51:55 -0700,0,1,dolores
622565451957186560,Dolores Park. San Francisco. #TheBlackTramp @ Dolores Pk https://t.co/MN5ziF3gLZ,2015-07-18 17:35:45 -0700,0,0,dolores
622562437749977092,In my 20'süôè. @ Mission Dolores Park https://t.co/Iti3Gbu3DM,2015-07-18 17:23:46 -0700,0,0,dolores
622559466148511744,"I'm at Mission Dolores Park - @dpworks in San Francisco, CA https://t.co/qhQNeGKKb1 http://t.co/PGfJX6Stj3",2015-07-18 17:11:57 -0700,0,1,dolores
622558822083772416,"If you having sun problems I feel bad for you son.

(Just kidding I'm Irish and polish and probably‚Ä¶ https://t.co/nwrtYs9KKS",2015-07-18 17:09:24 -0700,0,1,dolores
622550787928010752,Jam band at Dolores. #dolorespark #onelove @ Mission Dolores Park https://t.co/v36ZFSt61i,2015-07-18 16:37:28 -0700,0,0,dolores
622549880184152064,#icantfeelmyface @ Mission Dolores Park https://t.co/CPfs8ZtVTX,2015-07-18 16:33:52 -0700,0,0,dolores
622526914230624256,Summer. #MrSunblock #SanFrancisco @ Dolores Park https://t.co/DlCxYOM0vf,2015-07-18 15:02:37 -0700,0,0,dolores
622526904906596352,Enjoying Dolores Park ‚úåüèæÔ∏è‚ù§Ô∏è #SanFrancisco #SF #Vacation #Bae @ Dolores Park https://t.co/FaXzlUF4jn,2015-07-18 15:02:34 -0700,0,0,dolores
622524120933138433,RT @THEmikemitchell: I think @jetreset is smitten. @ Dolores Park https://t.co/u5iGt3xD5q,2015-07-18 14:51:31 -0700,1,0,dolores
622523939969961984,I think @jetreset is smitten. @ Dolores Park https://t.co/u5iGt3xD5q,2015-07-18 14:50:47 -0700,1,0,dolores
622516000928493569,"Nap time! (@ Mission Dolores Park - @dpworks in San Francisco, CA) https://t.co/jtzpHaEDFz",2015-07-18 14:19:15 -0700,0,0,dolores
622514916939952128,#mrsunblock preventing skin cancer one spray can at a time @ Dolores Park https://t.co/KFNOh01EVF,2015-07-18 14:14:56 -0700,0,0,dolores
622510798846468096,Just posted a photo @ Mission Dolores Park https://t.co/uCLzH7YuVh,2015-07-18 13:58:34 -0700,0,0,dolores
622505228164820992,"I'm at Mission Dolores Park - @dpworks in San Francisco, CA https://t.co/5Tm3UtTSb0 http://t.co/leR12cjC6Q",2015-07-18 13:36:26 -0700,0,1,dolores
622504666551726085,"Summer in the city (@ Mission Dolores Park - @dpworks in San Francisco, CA w/ @lieber) https://t.co/xLw8KOkoZv http://t.co/iiFBkFT4cP",2015-07-18 13:34:12 -0700,0,1,dolores
622497283851091968,Beautiful day in #SF #DoloresPark #sanfrancisco @ Dolores Park Works https://t.co/yAv4JvowSL,2015-07-18 13:04:52 -0700,0,0,dolores
622495759636791296,"I'm at Mission Dolores Park - @dpworks in San Francisco, CA https://t.co/CEgFviDeqQ",2015-07-18 12:58:49 -0700,0,0,dolores
622490279224995840,The only way an LA dog knows how to spend a Saturday in SF: Mimosas in red cups at the park. #Classy‚Ä¶ https://t.co/YnMjP2UIe3,2015-07-18 12:37:02 -0700,0,0,dolores
622345979900133380,üôäüôäüôäüôäüôä @ Dolores Park https://t.co/Su7FIEtoHb,2015-07-18 03:03:38 -0700,0,0,dolores
622214236127821829,Sistaüë≠ @ Mission Dolores Park https://t.co/pvFLtxBRmR,2015-07-17 18:20:08 -0700,0,0,dolores
622202172046987264,"I'm at Mission Dolores Park - @dpworks in San Francisco, CA https://t.co/o1VeLG2XBD http://t.co/QNfh33lEs4",2015-07-17 17:32:12 -0700,0,2,dolores
622162671304077312,Pride weekend in a nutshell #higherthehairclosertogod @ Mission Dolores Park https://t.co/X43De8ojbC,2015-07-17 14:55:14 -0700,0,0,dolores
622161081235046400,"vitamin d (@ Mission Dolores Park - @dpworks in San Francisco, CA) https://t.co/WH5MSIlJrm",2015-07-17 14:48:55 -0700,0,1,dolores
622140209350754304,"‚Ä¢ classic scene ‚Ä¢
#YogainthePark #BakedGoods #SanFrancy @ Delores Park San Franisco https://t.co/uFed6tmxec",2015-07-17 13:25:59 -0700,0,0,dolores
622094869494931456,"I'm at Mission Dolores Park - @dpworks in San Francisco, CA https://t.co/MdKm2whi7D http://t.co/yJMPVQXIcA",2015-07-17 10:25:49 -0700,0,0,dolores
622062999059234816,Push ups to side crunches plus mountain climbers this what's we call WERKout super combo! this will‚Ä¶ https://t.co/rUthAgyQB2,2015-07-17 08:19:11 -0700,0,0,dolores
621852131981684736,#TBT @ Dolores Park https://t.co/SXUDaEZjRo,2015-07-16 18:21:16 -0700,0,0,dolores
621824755738525696,California living #sanfrancisco #goldenstate #dolorespark #themission @ Dolores Park https://t.co/RLvnfh85Q7,2015-07-16 16:32:29 -0700,0,0,dolores
621764195252600832,That summer feeling üå¥‚òÄÔ∏èüíô #sanfrancisco @ Mission Dolores Park https://t.co/uMwj90WRyQ,2015-07-16 12:31:50 -0700,0,0,dolores
621546235934179328,Evenin' #SF @ Deloris Park https://t.co/QhQkgiTHa9,2015-07-15 22:05:45 -0700,0,0,dolores
621531472671952896,Hey Jerky @ Delores Park San Franisco https://t.co/cQWMYg0a6G,2015-07-15 21:07:05 -0700,0,0,dolores
621445165266415616,Sunny and incredible day üå¥üòÇ‚òÄ calv15 alexburkii omrsglmm @ Delores Park San Franisco https://t.co/IbwJETS5Sz,2015-07-15 15:24:07 -0700,0,0,dolores
621172150846758912,"I'm at Mission Dolores Park - @dpworks in San Francisco, CA https://t.co/zQKM1Hydhe",2015-07-14 21:19:16 -0700,0,0,dolores
621101078617169920,Just posted a photo @ Delores Park San Franisco https://t.co/E7nNQzvWWr,2015-07-14 16:36:51 -0700,0,1,dolores
621096996921835520,Bae Day in San Francisco üë´üíòüåâ @ Delores Park San Franisco https://t.co/VU7dy0SwkA,2015-07-14 16:20:38 -0700,0,0,dolores
620826100613181440,golden hour @ Mission Dolores Park https://t.co/mBmFZnARJH,2015-07-13 22:24:11 -0700,0,0,dolores
620781003800449025,TRX Upper body and partner drills tomorrow. Join us at 6am and 7am at Dolores park! Sign up‚Ä¶ https://t.co/jhoNchoqrM,2015-07-13 19:24:59 -0700,0,0,dolores
620742140575023106,"The view was obscured by park-goers &amp; selfie sticks, so I had to improvise. #architecture over‚Ä¶ https://t.co/cUKJX3OWaj",2015-07-13 16:50:33 -0700,0,1,dolores
623680781597167616,I'm sitting next to the author of this book at Original Joe's. @ Original Joe's San Francisco https://t.co/KCcktE8e4H,2015-07-21 19:27:40 -0700,0,0,washington_square
623680664475451396,"Doing some #SanFrancisco ""homework"" tonight by seeing the legendary, the hilarious and the 40-year‚Ä¶ https://t.co/cy1bG90S9B",2015-07-21 19:27:12 -0700,0,2,washington_square
623674253230100480,"Pasta (@ Caffe Sport in San Francisco, CA) https://t.co/WKi4P5afvD",2015-07-21 19:01:43 -0700,0,1,washington_square
623673845950582784,"Eating you food (@ Caffe Sport in San Francisco, CA) https://t.co/wilDFg6HR2",2015-07-21 19:00:06 -0700,0,0,washington_square
623607833284739072,I was in the mood for some fresh-cut flowers... #hydrangeas @ The Cottage on Filbert https://t.co/0S9UIedTIk,2015-07-21 14:37:48 -0700,0,0,washington_square
623356136855609344,Thank you little Italy for reminding me how much I love Italy. An old Italian man and I just‚Ä¶ https://t.co/bgQNGQj2sz,2015-07-20 21:57:39 -0700,0,0,washington_square
623348117711142912,RT @c: At Dave Smith Instruments HQ ‚Äî http://t.co/xE5Zk0lr,2015-07-20 21:25:47 -0700,5,0,washington_square
623348095141543936,"RT @c: Pizza night with friends we haven't seen in too ... (w/ @cindyli, Kevin, &amp; 3 others at Tony's Pizza Napoletana) [pic] ‚Äî http://t.co/‚Ä¶",2015-07-20 21:25:41 -0700,2,0,washington_square
623221264069599233,RT @mel_issab: Pancakes &amp; Fresh Berries üçì #mamas #sanfrancisco #sf #summer15svml #breakfast #yummy #healthy @‚Ä¶ https://t.co/mciDdl2Q2T,2015-07-20 13:01:42 -0700,1,0,washington_square
623211876663590912,It's ON @ Tony's Pizza Napoletana https://t.co/UrhMtMqIeH,2015-07-20 12:24:24 -0700,0,0,washington_square
623204678503956481,Time for lunch!! @ Tony's Pizza Napoletana https://t.co/JSNPoff6ve,2015-07-20 11:55:48 -0700,0,0,washington_square
623192371816177664,Doppio :-) @ Caffe Roma -North Beach https://t.co/UTSNafK8Xm,2015-07-20 11:06:54 -0700,0,0,washington_square
623148584054169600,üçïüáÆüáπ @ Italian Town https://t.co/teUUM82eo9,2015-07-20 08:12:54 -0700,0,0,washington_square
623032206269788160,the iconic sloped streets of San Francisco // leaving the U.S. and boarding my flight towards home in‚Ä¶ https://t.co/5dMk9Mhh0i,2015-07-20 00:30:28 -0700,0,0,washington_square
622971875342331904,"Happy Ice Cream Day! (@ Gelateria Naia in San Francisco, CA) https://t.co/OwQn1IF8Q9 http://t.co/6dPwTSQ7DD",2015-07-19 20:30:43 -0700,0,0,washington_square
622960759300075521,"Una was closed so this is happening. (@ Tony‚Äôs Pizza Napoletana in San Francisco, CA) https://t.co/1t18vKiuWX",2015-07-19 19:46:33 -0700,0,0,washington_square
622959129565466625,"I'm at North Beach Restaurant in San Francisco, CA https://t.co/PMyxvYCfy2",2015-07-19 19:40:05 -0700,0,1,washington_square
622952418981101568,"I'm at Goorin Bros. Hat Shop in San Francisco, CA https://t.co/QGWK0yeuAK",2015-07-19 19:13:25 -0700,0,0,washington_square
622951663406567424,"I'm at Tony‚Äôs Pizza Napoletana - @tonyspizza415 in San Francisco, CA https://t.co/iaH7WvAOBy",2015-07-19 19:10:25 -0700,0,0,washington_square
622946206986203136,"B-day dinner for Nate (at @RosePistola in San Francisco, CA) https://t.co/0984Y7SX1E",2015-07-19 18:48:44 -0700,0,0,washington_square
622944837411733504,It's pizza time! @ Tony's Pizza Napoletana https://t.co/HTUzFphPUl,2015-07-19 18:43:17 -0700,0,0,washington_square
622934035053084672,Finally! Tourist club with the fam bam off the #dh30x30 weeeeee @ Tourist Club https://t.co/lan6orqDel,2015-07-19 18:00:22 -0700,0,0,washington_square
622931268536266752,Windows to the neighborhood. @ Mario's Bohemian Cigar Store Cafe https://t.co/kZygcHWsTY,2015-07-19 17:49:22 -0700,0,1,washington_square
622924694933610496,Tons of beers. @arikacoustic we can try every one when you get here! Come already! @ Rogue Ales‚Ä¶ https://t.co/7kctomdfCr,2015-07-19 17:23:15 -0700,0,1,washington_square
622912564838727681,"RT @soph_cal: best husband award goes to jared_cal for walking 10 miles across San Francisco, including 4 hours at‚Ä¶ https://t.co/EsSV53uBQw",2015-07-19 16:35:03 -0700,1,0,washington_square
622881166186672128,"Got Junk?
#Church #jesus #jesuschrist #christian #christians #christianity #catholic #romancatholic‚Ä¶ https://t.co/vDWURAIMzc",2015-07-19 14:30:17 -0700,0,1,washington_square
622846029692567552,Winning today. #bitchesbebrunchin #boozysmoothie #rhubarbfritters @ Park Tavern https://t.co/8zJHd0ISyl,2015-07-19 12:10:40 -0700,0,0,washington_square
622844069161512960,With Abdullah at @originaljoessf [pic] ‚Äî https://t.co/xTF1HVg00o,2015-07-19 12:02:52 -0700,0,0,washington_square
622825586952675328,I've decided to only give sneak peaks now üòâüôä @ Washington Square (San Francisco) https://t.co/WcX5NhVkiN,2015-07-19 10:49:26 -0700,0,0,washington_square
622665364086882304,"Bildiƒüin pavyon.. (@ Pe√±a Pachamama - @penapachamamasf in San Francisco, CA) https://t.co/oJJWKERABK",2015-07-19 00:12:46 -0700,0,0,washington_square
622636961728229376,"best husband award goes to jared_cal for walking 10 miles across San Francisco, including 4 hours at‚Ä¶ https://t.co/EsSV53uBQw",2015-07-18 22:19:54 -0700,1,0,washington_square
622616589008044033,"I'm at Beach Blanket Babylon in San Francisco, CA https://t.co/drKgw2Xsvf",2015-07-18 20:58:57 -0700,0,5,washington_square
622603189435670528,Quatro Carni #pizza #food @ Tony's Pizza Napoletana https://t.co/SjeI4h5bvG,2015-07-18 20:05:42 -0700,0,2,washington_square
622601556832219136,New Yorker #pizza #food @ Tony's Pizza Napoletana https://t.co/C6BqqDT8UG,2015-07-18 19:59:13 -0700,0,2,washington_square
622587539069763588,I forced my friendship on this puppy and now we're best friends. (There are conflicting opinions).‚Ä¶ https://t.co/3INqbKTUYX,2015-07-18 19:03:31 -0700,0,0,washington_square
622569452173926400,"Italian neighborhood/ Chinatown... #SF #usa #walkingaround @ Columbus Ave/Union St, SF https://t.co/uJX494ozFd",2015-07-18 17:51:38 -0700,0,0,washington_square
622517416631910400,"A little relief from the epic walk. (at @RogueAles Public House in San Francisco, CA) https://t.co/xqAjP5EjH6 http://t.co/zkXoUntO8q",2015-07-18 14:24:52 -0700,0,1,washington_square
622492737514930176,"Snooze while waiting @ Washington Square Park, San Francisco https://t.co/oUOAtaPuGB",2015-07-18 12:46:48 -0700,0,0,washington_square
622491713588871168,"Bi-annual view from the dentist chair. @ Washington Square Park, San Francisco https://t.co/lWMaS5OPYx",2015-07-18 12:42:44 -0700,0,0,washington_square
622484578268237824,#brunch #SF #sanfrancisco #duckeggsandwich #fullasfuck #california #cali @ Park Tavern https://t.co/iidX5QgBPD,2015-07-18 12:14:23 -0700,0,0,washington_square
622288385797943296,Manhattan and the Giants @ Original Joe's San Francisco https://t.co/l2S8Bpf7tO,2015-07-17 23:14:47 -0700,0,0,washington_square
622266487450025984,Colossal tater tots. #tots @ The Square SF https://t.co/Z8dR5McqvC,2015-07-17 21:47:46 -0700,0,0,washington_square
622244652201181185,"Sushi with Potts (@ Sushi Hunter in San Francisco, CA) https://t.co/Yx95DcwmuU",2015-07-17 20:21:00 -0700,0,0,washington_square
622238920458305536,"PIZZA (@ Tony‚Äôs Pizza Napoletana - @tonyspizza415 in San Francisco, CA) https://t.co/JBxIC9vgBE",2015-07-17 19:58:13 -0700,0,0,washington_square
622212976498606080,Amazing hazelnut finish. - Drinking a Hazelnut Brown Nectar by @rogueales at @rogueales  ‚Äî http://t.co/lg9aC1Q3v8,2015-07-17 18:15:08 -0700,0,0,washington_square
622202877931614208,"NORTH BEACH | SAN FRANCISCO 2015
#BayArea #MarcellTurnerPhotography #SanFrancisco #NorthBeach‚Ä¶ https://t.co/wazc9k9z0n",2015-07-17 17:35:00 -0700,0,1,washington_square
622190444185845761,Pics from the #eatwithtablehopper event are up on the tablehopper Facebook page! Here's Mirco from‚Ä¶ https://t.co/nRmOf5VGfO,2015-07-17 16:45:36 -0700,0,0,washington_square
622162102543904773,"Ladies who Lead (at @RogueAles Public House in San Francisco, CA) https://t.co/y6xMu6Uvcg",2015-07-17 14:52:59 -0700,0,0,washington_square
622055006880047104,#MyMorningWalk #HoleInTheWallCoffee #SF #NorthBeach @ Hole In The Wall Coffee https://t.co/PnYZTpnqHT,2015-07-17 07:47:25 -0700,0,0,washington_square
621924041746722816,"LIVING for this pic! üôåüèº üì∑ #Repost via greg_rye with repostapp. #eatwithtablehopper „Éª„Éª„Éª
VERY‚Ä¶ https://t.co/mU55SF3Y4I",2015-07-16 23:07:00 -0700,0,2,washington_square
621921427172782081,That's what I call a finale: housemade tortellini pasticciato (bolognese with b√©chamel! üòõ) and‚Ä¶ https://t.co/XCW8vjNawt,2015-07-16 22:56:37 -0700,0,1,washington_square
621919513643196417,"When you host with @campariamerica, you know there's going to be a lot of rosso! Aperol Spritzes,‚Ä¶ https://t.co/z3x71SQgmR",2015-07-16 22:49:01 -0700,0,1,washington_square
621918262876631040,THESE GUYS. That was one hell of a fun event to host tonight with eatwith and @campariamerica at‚Ä¶ https://t.co/8WhLy3xzMN,2015-07-16 22:44:03 -0700,0,1,washington_square
621872668388782080,"I'm at Washington Square Park in San Francisco, CA http://t.co/9Zu2PxosWr",2015-07-16 19:42:52 -0700,0,0,washington_square
621867205270106112,Rogue team names last night! #triviamongers #roguealessfo @ Rogue Ales Public House San Francisco https://t.co/kAchfsZhat,2015-07-16 19:21:10 -0700,0,1,washington_square
621859948373372929,"Happy birthday, you sassy üêè. #hoofkick @ Park Tavern https://t.co/yfvHCK2TJ8",2015-07-16 18:52:19 -0700,0,0,washington_square
621836175414816768,Thank you for a fantastically interesting night in San Francisco. @ How do you say cheers in French‚Ä¶ https://t.co/suqimoX62y,2015-07-16 17:17:52 -0700,0,0,washington_square
621806926016446464,"Drinking beers and eating (at @RogueAles Public House in San Francisco, CA) https://t.co/c6VDLnZGmX",2015-07-16 15:21:38 -0700,0,0,washington_square
621786331652456449,"supuestamente la mejor pizza de sf. Let's see (@ Tony‚Äôs Pizza Napoletana - @tonyspizza415 in San Francisco, CA) https://t.co/t9sbDaX0Pp",2015-07-16 13:59:48 -0700,0,0,washington_square
621750960247934976,"I'm at @RosePistola in San Francisco, CA w/ @dreamtohome https://t.co/AqpXVEI4Hn",2015-07-16 11:39:15 -0700,0,0,washington_square
621525579184111616,Waaaay up üôè @ Saints Peter and Paul Roman Catholic Church https://t.co/s6Cn4VmAHy,2015-07-15 20:43:40 -0700,0,0,washington_square
621521724983525377,The moment you step out of the shower to realize there is only a hand towel present... #20ftnakedsprint #roomieslookaway #orlookitscoolwitme,2015-07-15 20:28:21 -0700,0,0,washington_square
621497245196750848,"home of Bugia's liar's cookies #dolce Italia (@ Liguria Bakery in San Francisco, CA) https://t.co/0wl52kqqgg http://t.co/Qb92fBitHL",2015-07-15 18:51:04 -0700,0,0,washington_square
621476347697831936,Drinking an 8 Hops IPA by @rogueales at @rogueales ‚Äî http://t.co/JtBNWYUwOf #photo,2015-07-15 17:28:02 -0700,0,0,washington_square
621443075248922624,Church. #stpeterandpaul #sanfrancisco @ Saints Peter and Paul Roman Catholic Church https://t.co/yQQTwCuNf5,2015-07-15 15:15:49 -0700,0,0,washington_square
621426510868652038,"NORTH BEACH | SAN FRANCISCO 2015
#MarcellTurnerPhotography #BayArea #SanFrancisco #NorthBeach‚Ä¶ https://t.co/vK9Ua0vy8B",2015-07-15 14:10:00 -0700,0,0,washington_square
621373418735276034,Very #beautiful exterior...#sfo #sanfrancisco @ Saints Peter and Paul Roman Catholic Church https://t.co/saRetwxPwT,2015-07-15 10:39:02 -0700,0,0,washington_square
621311838731407360,"I'm at North Beach in San Francisco, CA https://t.co/GPuTjIeVuv",2015-07-15 06:34:20 -0700,0,0,washington_square
621215624375730176,The Italians singing to me during my birthday dinner with girk and friends. #happy #roadtrip‚Ä¶ https://t.co/HtSxLvEiQG,2015-07-15 00:12:01 -0700,0,1,washington_square
621170664997826560,"I'm at @RogueAles Public House in San Francisco, CA https://t.co/8oWJWCQM7h",2015-07-14 21:13:21 -0700,0,1,washington_square
621157480136089601,Moscow Mules on point üëåüèª @ Tony's Pizza Napoletana https://t.co/0UU7IyQp9N,2015-07-14 20:20:58 -0700,0,0,washington_square
621142583075418112,"Quick question before my FWB arrives: would it be weird for me to have #DanceMoms on while we're doing it? It WOULD be weird, wouldn't it?",2015-07-14 19:21:46 -0700,0,0,washington_square
621037058728042496,"Ciao, Bella. ‚ù§Ô∏èüáÆüáπ#littleitalysf #SanFrancisco @ Mario's Bohemian Cigar Store Cafe https://t.co/X0eRoH28Xl",2015-07-14 12:22:27 -0700,0,0,washington_square
621028312928911365,"Tacoooss (at @Tacolicious in San Francisco, CA) https://t.co/Au1Ftyx8DV",2015-07-14 11:47:42 -0700,0,1,washington_square
620860286325489664,"‚ô´ Played Juicy by The Notorious B.I.G., Gin &amp; Juice by @snoopdogg and 2 more songs at @boardroomsf : https://t.co/2qXFSUsg4z @GetRockbot",2015-07-14 00:40:01 -0700,0,0,washington_square
620812288933629952,"I'm at North Beach in San Francisco, CA https://t.co/VkebzxOtYk",2015-07-13 21:29:18 -0700,0,0,washington_square
620798226585780224,Proof that a. tomhalltravel was in San Francisco and b. selfie sticks might actually come in handy‚Ä¶ https://t.co/c7YSZqAz2d,2015-07-13 20:33:25 -0700,0,1,washington_square
620757889293131776,"El Pollo and Chicken Little
Good times at the NB festival
‚ÄúAlcohol may be man‚Äôs worst enemy, but‚Ä¶ https://t.co/vPKaPZinq1",2015-07-13 17:53:08 -0700,0,0,washington_square
623649252284198912,Oh my darling how I do love #Dahlia season #conservatoryofflowers #goldengatepark #sanfrancisco @ San‚Ä¶ https://t.co/lJqnPALoXq,2015-07-21 17:22:23 -0700,0,0,golden_gate
623376894977798144,They call it California golden light for a reason üå∏ #ConservatoryofFlowers on a warm July day in‚Ä¶ https://t.co/scRk8sDl6s,2015-07-20 23:20:08 -0700,0,0,golden_gate
623375165632716800,They call it California golden light for a reason üå∏ #ConservatoryofFlowers on a warm July day in‚Ä¶ https://t.co/DB7aR6Hf74,2015-07-20 23:13:15 -0700,0,0,golden_gate
623329867099185152,Had an awesome day at the park with this cutie pie üé† @ Golden Gate Park Carousel https://t.co/I7Qx3vvunO,2015-07-20 20:13:15 -0700,0,0,golden_gate
623278227423920128,#intothewoods #aidsmemorialgrove #goldengatepark #sanfrancisco @ National AIDS Memorial Grove https://t.co/LhkXQeKgNC,2015-07-20 16:48:04 -0700,0,0,golden_gate
623012753029099520,#aidswalk2015 #Nunburn #ouch #sf  # hot #sunnyday @ Hippie Hill https://t.co/JfneR2H6ax,2015-07-19 23:13:09 -0700,0,0,golden_gate
622974985259347968,#welivehere ‚ù§Ô∏èüôå and we are a beyond lucky! @ San Francisco Conservatory of Flowers https://t.co/DylhucGgPw,2015-07-19 20:43:05 -0700,0,1,golden_gate
622958502764482560,This is where I belong üåπüçÉüå∫ @ Golden Gate Park San Fransisco https://t.co/9G7GuyDS4Q,2015-07-19 19:37:35 -0700,0,0,golden_gate
622942943951851520,Beautiful day in the city with boo!!! üòòüòòüòò @ Hippie Hill https://t.co/ldiJpArZzM,2015-07-19 18:35:46 -0700,0,0,golden_gate
622923130751844352,"The heat might have got to the dog, but your support kept this #smile on. Thank you everyone!‚Ä¶ https://t.co/Qw2x5UDOma",2015-07-19 17:17:02 -0700,0,0,golden_gate
622891891567280128,"#fbp (@ Dahlia Garden in San Francisco, CA) https://t.co/tv8FW0xhC6 http://t.co/wmwEr1fmwn",2015-07-19 15:12:54 -0700,0,1,golden_gate
622878558168461312,‚Ä¢ Golden Gate Park ‚Ä¢ @ Golden Gate Park Of San Francisco https://t.co/5huRM05tR1,2015-07-19 14:19:55 -0700,0,0,golden_gate
622877488352464896,Kicking ass at AIDS Walk SF 2015! #SquadGoals üíÉüèªüíï @ Golden Gate Park San Fransisco https://t.co/XWwjZM5tDF,2015-07-19 14:15:40 -0700,0,0,golden_gate
622877109283893248,Kicking ass at AIDS Walk SF 2k15 #SquadGoalsüíÉüèªüíï @ Golden Gate Park San Fransisco https://t.co/OZYIqCwU7Z,2015-07-19 14:14:10 -0700,0,0,golden_gate
622867482878058496,Bryce keeping cool!  #wsiwalks @ Sharon Meadow At Golden Gate Park https://t.co/pquQHuXYKV,2015-07-19 13:35:54 -0700,0,0,golden_gate
622865541406003200,Team @BetterWorks at SF AIDS Walk! We did it! #aidswalk #sf #aidswalksf #techforgood @rachaelize‚Ä¶ https://t.co/kaSp88L8tH,2015-07-19 13:28:12 -0700,0,0,golden_gate
622860170595577856,i made it!! #remember #misspaulie #makemesmile #morgansfunny @ Sharon Meadow At Golden Gate Park https://t.co/fJP8PTYc0E,2015-07-19 13:06:51 -0700,0,0,golden_gate
622858921322094592,Who knew it was going to be hot in gg park #wsiwalks @ Sharon Meadow At Golden Gate Park https://t.co/EhYL8XlAIg,2015-07-19 13:01:53 -0700,0,0,golden_gate
622856728552583168,"Here we go, Sunday morning 10K #AIDSWalkSF @ SF Golden Gate Park https://t.co/PLBm36Ew1X",2015-07-19 12:53:10 -0700,0,0,golden_gate
622850637580124160,@andrew_deangelo is having fun at the third SF AIDS Walk checkpoint powered by Team Cannabis!‚Ä¶ https://t.co/YgQ6IgXmcF,2015-07-19 12:28:58 -0700,0,0,golden_gate
622848314791362560,@amy_hollyfield at the #aidswalksf #abc7getup #abc7now @ Golden Gate National Park https://t.co/uIXmufbqxF,2015-07-19 12:19:44 -0700,0,0,golden_gate
622846903030517760,Favorite kind üå∏üíïüçÉ #hydrangea #sanfrancisco @ San Francisco Conservatory of Flowers https://t.co/RI4qTF9c3X,2015-07-19 12:14:08 -0700,0,0,golden_gate
622845335510122496,:3 @ Golden Gate National Park https://t.co/6m8CTZx0HV,2015-07-19 12:07:54 -0700,0,0,golden_gate
622839945988808706,MoMo enjoying #aidswalk @ Sharon Meadow At Golden Gate Park https://t.co/pTNB2Z8Lam,2015-07-19 11:46:29 -0700,0,0,golden_gate
622831495548399616,"AIDS Walk 2015!!! (@ AIDS Walk SF Starting Line in San Francisco, Calif) https://t.co/HhxPGdj2Nj",2015-07-19 11:12:54 -0700,0,0,golden_gate
622830352097275904,Break 1 - personal water station in the beautiful park. @ Sharon Meadow At Golden Gate Park https://t.co/d3DFCc1wqC,2015-07-19 11:08:22 -0700,0,0,golden_gate
622828756156088321,RT @Andrew_DeAngelo: Great to see the honorable Rep. Barbara Lee at today's SF AIDS Walk. #teamcannabis #cannabisactivism‚Ä¶ https://t.co/3TG‚Ä¶,2015-07-19 11:02:01 -0700,2,0,golden_gate
622826259526062081,"RG tavflo: With my $3,000.00 star walker @ Sharon Meadow At Golden Gate Park https://t.co/UoDi1l4k5s",2015-07-19 10:52:06 -0700,0,1,golden_gate
622825963974492160,This is my new ride. #AIDSWalkSF #ReliefShuttle #SanFrancisco #MexicanPartyBus @ San Francisco‚Ä¶ https://t.co/xGAT1LTpxY,2015-07-19 10:50:56 -0700,0,0,golden_gate
622824622241775616,AIDS Walk SF ‚ù§Ô∏è #teamkiehls @ Sharon Meadow At Golden Gate Park https://t.co/AX098r6Rg5,2015-07-19 10:45:36 -0700,0,1,golden_gate
622824235107512321,Walk for a cure!!! @ Sharon Meadow At Golden Gate Park https://t.co/yMBkr4zgZJ,2015-07-19 10:44:03 -0700,0,1,golden_gate
622823645702934528,Up bright and early for a great cause! ‚ù§Ô∏è‚ù§Ô∏è‚ù§Ô∏è #AIDSWalkSF @ Hippie Hill https://t.co/zuICZsw8th,2015-07-19 10:41:43 -0700,0,0,golden_gate
622823625045872640,RT @Andrew_DeAngelo: Great to see the honorable Rep. Barbara Lee at today's SF AIDS Walk. #teamcannabis #cannabisactivism‚Ä¶ https://t.co/3TG‚Ä¶,2015-07-19 10:41:38 -0700,2,0,golden_gate
622823315007242240,Great to see the honorable Rep. Barbara Lee at today's SF AIDS Walk. #teamcannabis #cannabisactivism‚Ä¶ https://t.co/3TGQF1BmiY,2015-07-19 10:40:24 -0700,2,4,golden_gate
622820468484100100,#sfaidswalk @ Sharon Meadow At Golden Gate Park https://t.co/nLNUu41pzk,2015-07-19 10:29:05 -0700,0,1,golden_gate
622817786021195776,"I'm at AIDS Walk SF Starting Line in San Francisco, Calif https://t.co/t1ZIWFHb4b http://t.co/Y4j6TUwMCT",2015-07-19 10:18:26 -0700,0,2,golden_gate
622816520792600576,Support Aids Walk üèÉüèºüèÉüèºüö∂üèªüö∂üèª #aidswalk2015 #AidsWalk #aidswalksf #SF  #health #fitness #walk‚Ä¶ https://t.co/ssF2itO29f,2015-07-19 10:13:24 -0700,0,1,golden_gate
622813507990503424,Good morning from Golden Gate Park! Still plenty of time to sponsor me at‚Ä¶ https://t.co/uyjZybNC6J,2015-07-19 10:01:26 -0700,0,0,golden_gate
622813149448769536,Just posted a photo @ Sharon Meadow At Golden Gate Park https://t.co/WPdT9LXTC1,2015-07-19 10:00:00 -0700,0,0,golden_gate
622809486005305344,"Fun day in SF supporting a good cause! (@ AIDS Walk SF Starting Line in San Francisco, Calif) https://t.co/9lwHdzB8PR",2015-07-19 09:45:27 -0700,0,2,golden_gate
622809156312002560,"Waking with Walgreens. (@ Sharon Meadow in San Francisco, CA) https://t.co/eqAIo8aqrT http://t.co/LfFyCIiREj",2015-07-19 09:44:08 -0700,0,1,golden_gate
622806162333900800,Team Cannabis getting ready to rock the SF Aids Walk! #cannabisactivism #goldengate @hhcoak @ Sharon‚Ä¶ https://t.co/eLI5o1AfS3,2015-07-19 09:32:14 -0700,0,2,golden_gate
622803198152196096,"Getting read to walk! (@ AIDS Walk SF Starting Line in San Francisco, Calif) https://t.co/6GejbaiYfC http://t.co/3onqNXJZva",2015-07-19 09:20:28 -0700,0,1,golden_gate
622802196418183169,AIDS WALK 2015! @ Sharon Meadow At Golden Gate Park https://t.co/X22E8Jjber,2015-07-19 09:16:29 -0700,0,0,golden_gate
622801532971560961,Even this #google #dog is ready for  #sfaidswalk2015 ;) #charity #sf #aidswalk #goldengate @ Sharon‚Ä¶ https://t.co/VeEXRg93c4,2015-07-19 09:13:51 -0700,0,0,golden_gate
622799832156119040,"At our team table at aids walk san francisco. #mbcc #sfpby (@ Sharon Meadow in San Francisco, CA) https://t.co/GyAac7bqaX",2015-07-19 09:07:05 -0700,0,0,golden_gate
622799315795341312,It's a beautiful morning for an SF AIDS Walk. Go Team Cannabis! #goldengatepark @ Sharon Meadow At‚Ä¶ https://t.co/Od7IHxLciG,2015-07-19 09:05:02 -0700,0,0,golden_gate
622797326684422144,AIDS WALK 'n me #morgansfunny #makemesmile @ Sharon Meadow At Golden Gate Park https://t.co/d8m1MRgQct,2015-07-19 08:57:08 -0700,0,0,golden_gate
622796088240664576,So excited for my first 10k...walk! üèÉ#TeamChevron #AIDSwalk2015 #walkinghard @ Sharon Meadow At‚Ä¶ https://t.co/xPUetRRlz2,2015-07-19 08:52:13 -0700,0,1,golden_gate
622794795392630784,Got #eyelashes #aidswalk2015 #angels #volunteer #toocutetohandle @ Golden Gate Park Carousel https://t.co/4y9d7BUSw8,2015-07-19 08:47:04 -0700,0,1,golden_gate
622788690704756736,Perfect weather this yearüåû#aidswalk2015 #sf #sanfrancisco #wsiwalks @ Sharon Meadow At Golden Gate Park https://t.co/dBv6mK4uIf,2015-07-19 08:22:49 -0700,0,0,golden_gate
622784688076247040,Relief Shuttle bus for #AIDSWalkSF. #MexicanPartyBus #SanFrancisco #myride @ San Francisco‚Ä¶ https://t.co/M2uGUuq4V7,2015-07-19 08:06:55 -0700,0,0,golden_gate
622782701276409856,WSI dies the SF AIDS WALK!! @ Sharon Meadow At Golden Gate Park https://t.co/vXYJpmspyF,2015-07-19 07:59:01 -0700,0,0,golden_gate
622664174317998080,Awesome Flower Piano exhibit in Golden Gate Park. Such a cool experience.‚Ä¶ https://t.co/Wct1JNKXmm,2015-07-19 00:08:02 -0700,0,0,golden_gate
622605152533544960,Conservatory of Flowers - 07/18/2015 #sanfrancisco#flowers#travel @ San Francisco Conservatory of‚Ä¶ https://t.co/iV6EB7s4jG,2015-07-18 20:13:30 -0700,0,0,golden_gate
622543185668112384,"Despite how pretty this place is, I actually can't breathe in here üå∏ #SF @ San Francisco‚Ä¶ https://t.co/OaUYaXn8Uk",2015-07-18 16:07:16 -0700,0,0,golden_gate
622485510276149249,Not tryna come home. @ Golden Gate Park San Fransisco https://t.co/RZSrxmLHLj,2015-07-18 12:18:05 -0700,0,0,golden_gate
622447970374397952,Easy @ Golden Gate National Park https://t.co/UHNrvXKe3q,2015-07-18 09:48:55 -0700,0,0,golden_gate
622244066458267648,And we're the three best friends that anyone could have. üåâ @ Golden Gate National Park https://t.co/cKf0gQoDT6,2015-07-17 20:18:40 -0700,0,0,golden_gate
622154708145209344,WALKING AROUND SOME SMALL TRAILS IN GOLDENGATE PARK IMMEDIATELY RUNS INTO A COUPLE GETTIN IT ON IMMEDIATELY TURNS AROUND,2015-07-17 14:23:36 -0700,0,4,golden_gate
622112055764611073,Lua and I soaked this up for a bit on our morning #goldengatepark cruise. üé∑üé∂ @ San Francisco‚Ä¶ https://t.co/DSDjSbBwXt,2015-07-17 11:34:07 -0700,0,0,golden_gate
621856751424552960,The Conservatory of Flowers is one of my favorite places in the city. @ San Francisco Conservatory of‚Ä¶ https://t.co/CtDfYSY92O,2015-07-16 18:39:37 -0700,0,0,golden_gate
621853512012570628,Werk. @ Golden Gate Park- Children's Play Ground https://t.co/MWrojsrSZ6,2015-07-16 18:26:45 -0700,0,0,golden_gate
621551874794213376,"Thank you, San Francisco, for a beautiful showüíô #flowers #sanfrancisco #nature #beauty #plants‚Ä¶ https://t.co/I1oC8317ed",2015-07-15 22:28:09 -0700,0,1,golden_gate
621512811294924801,THIS Saturday it's on. Come out for a run folks! See you bright &amp; early @kevinhart4real‚Ä¶ https://t.co/dgqCfTIxkj,2015-07-15 19:52:56 -0700,0,0,golden_gate
621187776525037568,shoutout to my best friend for coming up to visit me this weekendüòä thanks for letting me drag you‚Ä¶ https://t.co/xFitfPlboP,2015-07-14 22:21:21 -0700,0,0,golden_gate
621075754244284417,„Å™„Çì„Å®„Åã„Ç≤„É´„Ç≤„Å®„ÅÑ„ÅÜÂêçÂâç„Çí‰ªò„Åë„Åü„ÅÑ @ Conservatory of Flowers https://t.co/Ute8BikHOH,2015-07-14 14:56:13 -0700,0,0,golden_gate
621071740219883520,bartandbaker wearing a little bit of France/Paris around my neck for good luck for my #accordion gig‚Ä¶ https://t.co/GYR53ATave,2015-07-14 14:40:16 -0700,0,0,golden_gate
620978579300569089,*jungle sounds* üåøüê∏üêµüêçüêùüêóüêØ @ San Francisco Conservatory of Flowers https://t.co/agbuJUWPnq,2015-07-14 08:30:05 -0700,0,0,golden_gate
620823989439627264,Cruising around when he spied the park. @ Hippie Hill https://t.co/U1zGoEMq6r,2015-07-13 22:15:48 -0700,0,0,golden_gate
620795602658545665,I wouldn't want to explore the world with any other person but you.. @ San Francisco Conservatory of‚Ä¶ https://t.co/f8yeCgNxlV,2015-07-13 20:23:00 -0700,0,0,golden_gate
620730752460828673,üíã @ Golden Gate Park San Fransisco https://t.co/iulzxoy5jt,2015-07-13 16:05:18 -0700,0,1,golden_gate
620666443575730176,üé†üë∂ @ Koret Children's Quarter Golden Gate Park https://t.co/sBsWI7Gdsw,2015-07-13 11:49:46 -0700,0,0,golden_gate
